iteration,glibc_malloc,glibc_free,glibc_calloc,glibc_realloc,custom_malloc,custom_free,custom_calloc,custom_realloc
0,257.00,128.00,2831.00,3306.00,109.00,66.00,931.00,277.00
1,69.00,56.00,236.00,331.00,884.00,86.00,155.00,13369.00
2,70.00,66.00,82.00,294.00,701.00,48.00,100.00,1847.00
3,70.00,55.00,109.00,208.00,647.00,43.00,104.00,9753.00
4,68.00,55.00,78.00,146.00,655.00,51.00,93.00,93.00
5,69.00,54.00,78.00,165.00,637.00,45.00,87.00,9234.00
6,69.00,64.00,79.00,151.00,704.00,46.00,86.00,96.00
7,68.00,64.00,77.00,150.00,633.00,46.00,81.00,9258.00
8,68.00,55.00,79.00,115.00,612.00,43.00,90.00,96.00
9,67.00,54.00,78.00,122.00,617.00,44.00,110.00,9276.00
10,67.00,66.00,73.00,109.00,624.00,42.00,112.00,94.00
11,69.00,56.00,76.00,116.00,638.00,37.00,114.00,9210.00
12,66.00,55.00,74.00,111.00,635.00,42.00,173.00,101.00
13,67.00,53.00,74.00,117.00,645.00,37.00,125.00,9232.00
14,69.00,77.00,75.00,108.00,650.00,39.00,151.00,90.00
15,68.00,65.00,73.00,117.00,655.00,37.00,129.00,9247.00
16,67.00,55.00,73.00,108.00,658.00,38.00,138.00,87.00
17,70.00,55.00,78.00,118.00,666.00,37.00,189.00,9243.00
18,69.00,65.00,80.00,110.00,674.00,37.00,188.00,90.00
19,67.00,58.00,75.00,118.00,688.00,36.00,205.00,9220.00
20,67.00,55.00,75.00,111.00,681.00,43.00,189.00,94.00
21,66.00,73.00,74.00,118.00,690.00,34.00,182.00,9240.00
22,69.00,64.00,74.00,108.00,695.00,40.00,218.00,208.00
23,67.00,54.00,75.00,118.00,705.00,37.00,207.00,9267.00
24,67.00,53.00,75.00,109.00,707.00,39.00,204.00,87.00
25,69.00,65.00,73.00,118.00,715.00,34.00,219.00,9222.00
26,68.00,62.00,72.00,109.00,722.00,38.00,221.00,90.00
27,68.00,53.00,75.00,119.00,729.00,35.00,219.00,19455.00
28,68.00,56.00,75.00,109.00,734.00,42.00,235.00,112.00
29,2830.00,157.00,75.00,117.00,740.00,36.00,230.00,10668.00
30,70.00,76.00,72.00,110.00,746.00,38.00,243.00,123.00
31,67.00,145.00,75.00,119.00,752.00,34.00,222.00,14547.00
32,68.00,70.00,76.00,108.00,759.00,39.00,232.00,85.00
33,69.00,144.00,74.00,119.00,765.00,36.00,236.00,12963.00
34,69.00,95.00,73.00,109.00,774.00,38.00,236.00,78.00
35,69.00,100.00,73.00,118.00,782.00,36.00,255.00,13331.00
36,69.00,73.00,75.00,109.00,785.00,39.00,249.00,127.00
37,70.00,82.00,76.00,117.00,792.00,34.00,254.00,9770.00
38,69.00,75.00,76.00,108.00,798.00,39.00,258.00,79.00
39,67.00,74.00,74.00,119.00,804.00,37.00,265.00,10065.00
40,70.00,74.00,73.00,108.00,809.00,38.00,269.00,82.00
41,70.00,73.00,73.00,117.00,816.00,35.00,273.00,9776.00
42,67.00,73.00,74.00,109.00,824.00,38.00,279.00,80.00
43,70.00,89.00,99.00,115.00,829.00,36.00,284.00,9819.00
44,69.00,72.00,73.00,109.00,835.00,39.00,292.00,91.00
45,67.00,74.00,76.00,118.00,839.00,37.00,272.00,10211.00
46,69.00,74.00,74.00,110.00,845.00,38.00,247.00,79.00
47,69.00,71.00,76.00,118.00,855.00,34.00,236.00,9824.00
48,68.00,89.00,75.00,109.00,856.00,37.00,241.00,81.00
49,69.00,78.00,75.00,119.00,864.00,35.00,247.00,10024.00
50,68.00,74.00,76.00,109.00,870.00,36.00,343.00,81.00
51,69.00,74.00,75.00,120.00,878.00,34.00,329.00,9787.00
52,69.00,74.00,75.00,110.00,880.00,39.00,301.00,83.00
53,68.00,74.00,75.00,118.00,889.00,33.00,306.00,9866.00
54,67.00,82.00,74.00,108.00,892.00,38.00,309.00,80.00
55,68.00,73.00,75.00,118.00,902.00,34.00,315.00,10041.00
56,69.00,72.00,76.00,109.00,906.00,37.00,319.00,83.00
57,69.00,73.00,75.00,119.00,912.00,36.00,323.00,9998.00
58,68.00,90.00,74.00,108.00,918.00,38.00,320.00,79.00
59,70.00,74.00,74.00,116.00,926.00,45.00,327.00,9870.00
60,69.00,73.00,73.00,109.00,929.00,39.00,335.00,81.00
61,69.00,73.00,76.00,118.00,936.00,41.00,325.00,9913.00
62,68.00,101.00,76.00,109.00,944.00,39.00,332.00,79.00
63,69.00,73.00,75.00,116.00,951.00,36.00,332.00,9964.00
64,68.00,93.00,76.00,110.00,954.00,39.00,339.00,79.00
65,69.00,74.00,75.00,154.00,964.00,34.00,342.00,9915.00
66,67.00,135.00,75.00,109.00,972.00,38.00,343.00,79.00
67,69.00,72.00,75.00,116.00,976.00,36.00,346.00,9944.00
68,70.00,113.00,75.00,110.00,981.00,38.00,347.00,81.00
69,70.00,99.00,74.00,2780.00,987.00,36.00,351.00,9934.00
70,67.00,102.00,75.00,115.00,994.00,38.00,350.00,80.00
71,69.00,93.00,74.00,116.00,1004.00,34.00,355.00,9876.00
72,68.00,96.00,73.00,108.00,1008.00,38.00,359.00,83.00
73,68.00,73.00,73.00,116.00,1014.00,35.00,360.00,9907.00
74,68.00,74.00,73.00,109.00,1021.00,38.00,363.00,82.00
75,69.00,71.00,75.00,116.00,1028.00,37.00,364.00,9936.00
76,69.00,74.00,75.00,108.00,1032.00,39.00,363.00,87.00
77,68.00,74.00,75.00,117.00,1039.00,35.00,367.00,9929.00
78,70.00,87.00,76.00,108.00,1045.00,38.00,372.00,78.00
79,70.00,72.00,75.00,116.00,1052.00,34.00,380.00,9938.00
80,67.00,72.00,75.00,108.00,1055.00,37.00,378.00,80.00
81,69.00,73.00,74.00,116.00,1062.00,36.00,381.00,9802.00
82,68.00,74.00,74.00,108.00,1065.00,37.00,381.00,80.00
83,69.00,73.00,75.00,116.00,1075.00,35.00,384.00,9812.00
84,68.00,72.00,75.00,109.00,1079.00,37.00,394.00,86.00
85,69.00,72.00,76.00,120.00,1083.00,35.00,389.00,9771.00
86,2833.00,87.00,78.00,112.00,1092.00,38.00,391.00,78.00
87,70.00,73.00,75.00,116.00,1096.00,35.00,395.00,10306.00
88,67.00,71.00,75.00,111.00,1102.00,37.00,394.00,75.00
89,69.00,75.00,75.00,116.00,1109.00,35.00,401.00,9659.00
90,69.00,75.00,75.00,109.00,1116.00,37.00,401.00,81.00
91,69.00,73.00,76.00,118.00,1124.00,34.00,408.00,9747.00
92,69.00,72.00,75.00,109.00,1127.00,36.00,412.00,85.00
93,68.00,74.00,76.00,116.00,1136.00,36.00,409.00,9680.00
94,68.00,73.00,76.00,110.00,1141.00,37.00,416.00,80.00
95,69.00,71.00,75.00,116.00,1150.00,35.00,418.00,9646.00
96,68.00,73.00,76.00,109.00,1155.00,37.00,426.00,78.00
97,67.00,77.00,76.00,115.00,1162.00,34.00,423.00,9662.00
98,70.00,74.00,75.00,109.00,1170.00,38.00,425.00,81.00
99,69.00,75.00,75.00,116.00,1175.00,36.00,424.00,9655.00
100,67.00,73.00,75.00,107.00,1179.00,36.00,426.00,83.00
101,67.00,71.00,74.00,117.00,1187.00,34.00,429.00,9648.00
102,68.00,86.00,75.00,109.00,9809.00,38.00,432.00,78.00
103,69.00,70.00,75.00,115.00,1230.00,35.00,437.00,9599.00
104,70.00,74.00,76.00,109.00,1204.00,41.00,435.00,77.00
105,69.00,75.00,75.00,116.00,1210.00,37.00,438.00,9615.00
106,67.00,76.00,76.00,108.00,1219.00,39.00,442.00,81.00
107,70.00,72.00,74.00,116.00,1223.00,35.00,450.00,9566.00
108,69.00,72.00,72.00,109.00,1227.00,38.00,448.00,84.00
109,69.00,74.00,76.00,116.00,1277.00,36.00,448.00,9569.00
110,67.00,74.00,76.00,108.00,1242.00,39.00,451.00,80.00
111,69.00,72.00,75.00,119.00,1269.00,38.00,456.00,9650.00
112,69.00,72.00,75.00,109.00,1270.00,40.00,457.00,80.00
113,67.00,71.00,75.00,117.00,1285.00,35.00,461.00,10399.00
114,68.00,75.00,76.00,109.00,1283.00,36.00,466.00,77.00
115,67.00,74.00,75.00,117.00,1295.00,35.00,467.00,8899.00
116,70.00,74.00,72.00,108.00,1298.00,38.00,470.00,80.00
117,69.00,72.00,76.00,118.00,1287.00,36.00,469.00,8934.00
118,69.00,73.00,76.00,109.00,1291.00,36.00,479.00,75.00
119,69.00,72.00,76.00,117.00,1296.00,35.00,477.00,8954.00
120,69.00,73.00,75.00,108.00,1307.00,41.00,489.00,71.00
121,67.00,74.00,76.00,117.00,1310.00,37.00,667.00,8964.00
122,69.00,74.00,75.00,109.00,1314.00,37.00,488.00,75.00
123,68.00,70.00,75.00,115.00,1317.00,37.00,482.00,8921.00
124,69.00,74.00,75.00,109.00,1328.00,38.00,601.00,78.00
125,67.00,75.00,75.00,118.00,1332.00,36.00,461.00,8999.00
126,68.00,75.00,75.00,109.00,1336.00,38.00,441.00,72.00
127,69.00,71.00,76.00,117.00,1341.00,35.00,444.00,8958.00
128,67.00,72.00,75.00,108.00,1351.00,38.00,448.00,75.00
129,67.00,72.00,72.00,118.00,1356.00,37.00,450.00,8936.00
130,69.00,73.00,76.00,109.00,1361.00,38.00,451.00,76.00
131,70.00,75.00,75.00,117.00,1368.00,39.00,456.00,8919.00
132,69.00,70.00,75.00,109.00,1378.00,39.00,457.00,81.00
133,70.00,72.00,76.00,117.00,1383.00,35.00,462.00,8968.00
134,69.00,73.00,75.00,110.00,1390.00,39.00,464.00,74.00
135,70.00,70.00,76.00,117.00,1396.00,36.00,463.00,8924.00
136,69.00,73.00,75.00,109.00,1405.00,39.00,466.00,74.00
137,69.00,73.00,75.00,118.00,1411.00,34.00,468.00,8982.00
138,69.00,75.00,75.00,108.00,1415.00,38.00,470.00,75.00
139,69.00,72.00,75.00,116.00,1422.00,36.00,472.00,9000.00
140,69.00,71.00,75.00,110.00,1429.00,39.00,478.00,179.00
141,67.00,73.00,73.00,120.00,1433.00,39.00,482.00,8982.00
142,68.00,73.00,76.00,109.00,1437.00,40.00,482.00,74.00
143,69.00,70.00,75.00,117.00,1442.00,39.00,484.00,8949.00
144,69.00,73.00,75.00,109.00,1452.00,39.00,2883.00,72.00
145,66.00,71.00,73.00,115.00,1455.00,37.00,630.00,9093.00
146,69.00,74.00,73.00,108.00,1459.00,40.00,512.00,73.00
147,69.00,73.00,75.00,116.00,1463.00,38.00,437.00,9052.00
148,69.00,72.00,75.00,109.00,1473.00,38.00,420.00,81.00
149,70.00,69.00,74.00,118.00,1478.00,35.00,424.00,9131.00
150,69.00,76.00,75.00,108.00,1485.00,37.00,424.00,184.00
151,69.00,72.00,74.00,117.00,1491.00,36.00,427.00,9033.00
152,69.00,72.00,75.00,109.00,1503.00,40.00,431.00,74.00
153,68.00,75.00,75.00,117.00,1507.00,36.00,890.00,9047.00
154,66.00,76.00,76.00,108.00,1512.00,39.00,804.00,77.00
155,69.00,72.00,76.00,116.00,1516.00,35.00,812.00,9159.00
156,68.00,72.00,75.00,109.00,1529.00,40.00,816.00,80.00
157,2670.00,75.00,76.00,116.00,1535.00,35.00,830.00,8959.00
158,70.00,74.00,74.00,108.00,1540.00,38.00,822.00,75.00
159,68.00,70.00,75.00,118.00,1544.00,35.00,833.00,9064.00
160,66.00,72.00,73.00,108.00,1553.00,38.00,845.00,72.00
161,70.00,72.00,74.00,119.00,1556.00,35.00,845.00,9118.00
162,69.00,73.00,75.00,108.00,1562.00,38.00,857.00,75.00
163,67.00,74.00,75.00,118.00,1566.00,36.00,857.00,8964.00
164,68.00,72.00,75.00,108.00,1575.00,38.00,855.00,81.00
165,69.00,71.00,75.00,117.00,1579.00,35.00,868.00,9058.00
166,69.00,74.00,76.00,109.00,1582.00,38.00,867.00,75.00
167,69.00,73.00,75.00,117.00,1587.00,35.00,876.00,9040.00
168,69.00,73.00,75.00,109.00,8900.00,39.00,882.00,72.00
169,69.00,74.00,74.00,117.00,1635.00,37.00,889.00,9078.00
170,67.00,74.00,75.00,109.00,1612.00,37.00,891.00,74.00
171,69.00,73.00,76.00,117.00,1620.00,38.00,945.00,9045.00
172,67.00,73.00,75.00,109.00,1623.00,37.00,1681.00,79.00
173,69.00,74.00,75.00,118.00,1631.00,37.00,835.00,9286.00
174,68.00,73.00,76.00,111.00,1639.00,35.00,835.00,73.00
175,68.00,72.00,75.00,119.00,1645.00,37.00,837.00,9447.00
176,67.00,71.00,74.00,109.00,1648.00,37.00,848.00,73.00
177,69.00,71.00,75.00,117.00,1652.00,36.00,850.00,9373.00
178,67.00,73.00,75.00,109.00,1661.00,39.00,854.00,75.00
179,68.00,75.00,75.00,118.00,1665.00,35.00,857.00,9691.00
180,68.00,74.00,75.00,109.00,1669.00,37.00,865.00,85.00
181,69.00,72.00,75.00,119.00,1673.00,34.00,871.00,12245.00
182,68.00,86.00,75.00,116.00,1681.00,38.00,871.00,72.00
183,68.00,69.00,76.00,116.00,1687.00,34.00,875.00,9638.00
184,67.00,72.00,73.00,114.00,1694.00,38.00,888.00,74.00
185,68.00,74.00,74.00,117.00,1702.00,37.00,893.00,9447.00
186,69.00,74.00,75.00,109.00,1710.00,38.00,889.00,75.00
187,69.00,72.00,75.00,122.00,1716.00,36.00,902.00,9687.00
188,68.00,72.00,75.00,110.00,1723.00,38.00,906.00,79.00
189,69.00,74.00,75.00,117.00,1730.00,35.00,914.00,9299.00
190,69.00,89.00,75.00,116.00,1738.00,38.00,920.00,184.00
191,69.00,72.00,75.00,116.00,1744.00,35.00,916.00,9688.00
192,67.00,73.00,75.00,112.00,1747.00,38.00,915.00,72.00
193,67.00,72.00,76.00,117.00,1751.00,38.00,932.00,9533.00
194,69.00,74.00,74.00,108.00,1760.00,38.00,936.00,178.00
195,66.00,76.00,76.00,118.00,1765.00,38.00,935.00,9296.00
196,68.00,74.00,73.00,109.00,4742.00,41.00,940.00,192.00
197,69.00,72.00,75.00,117.00,1835.00,36.00,947.00,9488.00
198,67.00,76.00,75.00,109.00,1794.00,38.00,949.00,76.00
199,70.00,72.00,75.00,117.00,1834.00,35.00,958.00,9539.00
200,68.00,73.00,75.00,109.00,1820.00,39.00,955.00,73.00
201,68.00,73.00,75.00,116.00,1827.00,37.00,961.00,9374.00
202,67.00,74.00,76.00,108.00,1832.00,38.00,970.00,73.00
203,69.00,70.00,75.00,116.00,1840.00,35.00,966.00,9726.00
204,67.00,72.00,75.00,109.00,5563.00,36.00,997.00,80.00
205,67.00,75.00,76.00,118.00,1915.00,37.00,979.00,9529.00
206,70.00,88.00,73.00,111.00,1900.00,40.00,983.00,63.00
207,69.00,72.00,75.00,119.00,1857.00,36.00,985.00,8306.00
208,69.00,70.00,76.00,111.00,1861.00,37.00,990.00,66.00
209,70.00,72.00,75.00,116.00,1867.00,36.00,990.00,8351.00
210,68.00,72.00,75.00,109.00,1872.00,38.00,1005.00,66.00
211,67.00,74.00,75.00,118.00,1876.00,35.00,1013.00,8356.00
212,69.00,72.00,73.00,109.00,1884.00,37.00,1016.00,72.00
213,68.00,72.00,76.00,118.00,1891.00,35.00,1010.00,8415.00
214,68.00,73.00,74.00,108.00,1898.00,39.00,1015.00,65.00
215,69.00,72.00,75.00,119.00,1908.00,35.00,1021.00,8276.00
216,67.00,72.00,76.00,111.00,1912.00,36.00,1030.00,66.00
217,69.00,74.00,76.00,117.00,1920.00,35.00,1037.00,8232.00
218,69.00,76.00,75.00,109.00,1928.00,39.00,1047.00,67.00
219,69.00,71.00,74.00,116.00,1936.00,40.00,1051.00,8120.00
220,68.00,73.00,76.00,109.00,1938.00,39.00,1056.00,70.00
221,70.00,75.00,75.00,119.00,2152.00,39.00,1061.00,8298.00
222,67.00,85.00,75.00,110.00,1953.00,40.00,1059.00,62.00
223,68.00,72.00,75.00,117.00,1956.00,35.00,1067.00,8220.00
224,68.00,74.00,76.00,110.00,1961.00,38.00,1072.00,65.00
225,70.00,71.00,75.00,116.00,1965.00,34.00,1077.00,8225.00
226,66.00,74.00,75.00,109.00,1970.00,38.00,1084.00,66.00
227,70.00,74.00,73.00,115.00,1976.00,38.00,1088.00,8273.00
228,68.00,73.00,74.00,109.00,1981.00,39.00,1090.00,71.00
229,68.00,71.00,75.00,116.00,1992.00,36.00,1094.00,14867.00
230,70.00,76.00,76.00,109.00,1999.00,39.00,1097.00,62.00
231,69.00,70.00,75.00,117.00,2006.00,35.00,1101.00,8576.00
232,66.00,72.00,75.00,110.00,2012.00,38.00,1104.00,64.00
233,70.00,75.00,75.00,117.00,2021.00,36.00,1111.00,11085.00
234,70.00,75.00,75.00,109.00,2027.00,39.00,1118.00,65.00
235,68.00,72.00,74.00,118.00,2034.00,36.00,1106.00,11485.00
236,68.00,72.00,75.00,109.00,2037.00,38.00,1119.00,68.00
237,69.00,69.00,76.00,115.00,2043.00,36.00,1129.00,8306.00
238,69.00,74.00,76.00,109.00,2047.00,38.00,1125.00,63.00
239,69.00,73.00,75.00,2843.00,2054.00,38.00,1138.00,8602.00
240,67.00,72.00,76.00,111.00,2059.00,39.00,1133.00,64.00
241,68.00,75.00,74.00,116.00,2062.00,34.00,1138.00,8484.00
242,69.00,77.00,74.00,109.00,2069.00,38.00,1139.00,64.00
243,70.00,72.00,75.00,118.00,2077.00,35.00,1164.00,7951.00
244,67.00,71.00,73.00,109.00,2084.00,38.00,1159.00,71.00
245,70.00,74.00,74.00,117.00,2092.00,35.00,1167.00,8163.00
246,70.00,72.00,73.00,109.00,2101.00,38.00,1175.00,64.00
247,67.00,72.00,73.00,118.00,2107.00,35.00,1172.00,8370.00
248,68.00,71.00,73.00,109.00,2113.00,38.00,1174.00,65.00
249,69.00,72.00,75.00,119.00,2119.00,34.00,1182.00,8319.00
250,68.00,75.00,73.00,108.00,2126.00,37.00,1189.00,65.00
251,69.00,74.00,75.00,118.00,2130.00,35.00,1196.00,8188.00
252,68.00,71.00,73.00,107.00,2134.00,38.00,1196.00,71.00
253,68.00,72.00,74.00,119.00,2139.00,37.00,1203.00,8730.00
254,69.00,73.00,73.00,109.00,2146.00,37.00,1207.00,65.00
255,68.00,70.00,76.00,117.00,2148.00,37.00,1207.00,8074.00
256,69.00,71.00,75.00,109.00,2154.00,39.00,1219.00,64.00
257,69.00,73.00,74.00,118.00,2161.00,35.00,1226.00,8177.00
258,69.00,75.00,75.00,109.00,2170.00,37.00,1221.00,65.00
259,68.00,72.00,74.00,119.00,2176.00,37.00,1219.00,8414.00
260,67.00,75.00,75.00,108.00,2184.00,37.00,1225.00,73.00
261,69.00,73.00,74.00,117.00,2192.00,35.00,1234.00,8092.00
262,68.00,73.00,75.00,110.00,2200.00,39.00,2478.00,65.00
263,69.00,68.00,75.00,118.00,2207.00,35.00,1254.00,7942.00
264,68.00,73.00,75.00,109.00,2211.00,37.00,1255.00,63.00
265,69.00,74.00,73.00,118.00,2216.00,36.00,1252.00,7936.00
266,69.00,74.00,75.00,108.00,2222.00,37.00,1270.00,67.00
267,69.00,73.00,75.00,120.00,2226.00,35.00,1260.00,7939.00
268,68.00,74.00,75.00,109.00,2230.00,39.00,1264.00,108.00
269,70.00,73.00,74.00,117.00,2233.00,38.00,1277.00,7907.00
270,69.00,75.00,75.00,108.00,2242.00,39.00,1283.00,66.00
271,70.00,72.00,74.00,119.00,2248.00,39.00,1283.00,7928.00
272,67.00,73.00,75.00,108.00,2255.00,38.00,1290.00,64.00
273,70.00,72.00,74.00,117.00,2263.00,38.00,1299.00,8014.00
274,67.00,73.00,72.00,109.00,2273.00,37.00,1301.00,66.00
275,69.00,70.00,74.00,116.00,2279.00,39.00,1301.00,7979.00
276,69.00,73.00,73.00,109.00,2287.00,42.00,1301.00,71.00
277,68.00,75.00,76.00,117.00,2291.00,35.00,1309.00,7931.00
278,69.00,75.00,74.00,109.00,2297.00,38.00,1313.00,67.00
279,69.00,71.00,74.00,117.00,2302.00,35.00,1332.00,7943.00
280,68.00,72.00,74.00,109.00,2306.00,36.00,1321.00,66.00
281,69.00,72.00,73.00,120.00,2311.00,36.00,1330.00,7836.00
282,69.00,76.00,75.00,108.00,2316.00,38.00,1336.00,67.00
283,68.00,74.00,75.00,116.00,2321.00,35.00,1332.00,7960.00
284,69.00,72.00,76.00,109.00,2328.00,38.00,1343.00,71.00
285,2667.00,71.00,73.00,117.00,2336.00,38.00,1340.00,7931.00
286,72.00,76.00,74.00,109.00,2345.00,37.00,1343.00,66.00
287,69.00,72.00,74.00,118.00,2353.00,40.00,1356.00,7904.00
288,68.00,72.00,73.00,109.00,2356.00,38.00,1352.00,64.00
289,66.00,74.00,74.00,116.00,2366.00,39.00,1362.00,7937.00
290,69.00,76.00,75.00,109.00,2373.00,41.00,1362.00,68.00
291,69.00,72.00,75.00,116.00,2380.00,37.00,1378.00,7807.00
292,66.00,71.00,76.00,108.00,2381.00,38.00,1376.00,75.00
293,70.00,73.00,75.00,118.00,2386.00,35.00,1380.00,7865.00
294,69.00,76.00,76.00,109.00,2392.00,40.00,1385.00,65.00
295,66.00,73.00,75.00,117.00,2396.00,33.00,1394.00,7760.00
296,69.00,70.00,75.00,109.00,2399.00,38.00,1395.00,64.00
297,68.00,72.00,75.00,117.00,2407.00,37.00,1399.00,7748.00
298,69.00,73.00,75.00,109.00,2418.00,37.00,1413.00,68.00
299,69.00,73.00,76.00,118.00,2426.00,34.00,1418.00,7752.00
300,69.00,73.00,75.00,109.00,2431.00,38.00,1414.00,70.00
301,68.00,73.00,76.00,117.00,2441.00,37.00,1424.00,7762.00
302,69.00,73.00,76.00,109.00,2451.00,38.00,1427.00,65.00
303,69.00,72.00,75.00,117.00,2453.00,41.00,1428.00,7784.00
304,68.00,73.00,75.00,108.00,2457.00,36.00,1425.00,66.00
305,67.00,76.00,76.00,115.00,2462.00,36.00,1430.00,7820.00
306,70.00,74.00,75.00,109.00,3224.00,34.00,1446.00,67.00
307,69.00,72.00,76.00,120.00,5270.00,39.00,1440.00,7884.00
308,69.00,73.00,75.00,108.00,2577.00,39.00,1454.00,71.00
309,67.00,76.00,75.00,118.00,2542.00,37.00,1460.00,7780.00
310,66.00,87.00,75.00,108.00,2574.00,38.00,1468.00,64.00
311,69.00,72.00,75.00,118.00,2571.00,35.00,1464.00,7828.00
312,69.00,73.00,74.00,109.00,2574.00,39.00,1461.00,65.00
313,69.00,75.00,75.00,120.00,2531.00,37.00,1472.00,7775.00
314,69.00,74.00,75.00,109.00,2535.00,38.00,1484.00,64.00
315,69.00,72.00,76.00,118.00,2540.00,35.00,1491.00,7755.00
316,69.00,72.00,76.00,110.00,2541.00,38.00,1488.00,72.00
317,68.00,74.00,76.00,118.00,2545.00,38.00,1487.00,7780.00
318,69.00,74.00,74.00,108.00,2552.00,37.00,1506.00,66.00
319,67.00,72.00,72.00,116.00,2556.00,40.00,1499.00,7740.00
320,68.00,72.00,76.00,109.00,2563.00,37.00,1522.00,64.00
321,68.00,72.00,76.00,116.00,2571.00,39.00,1499.00,8751.00
322,69.00,73.00,75.00,109.00,2583.00,39.00,1528.00,64.00
323,66.00,75.00,75.00,117.00,2590.00,39.00,1522.00,7732.00
324,69.00,71.00,75.00,108.00,2601.00,42.00,1518.00,71.00
325,68.00,72.00,72.00,116.00,2606.00,34.00,1537.00,10371.00
326,70.00,85.00,75.00,109.00,2609.00,38.00,1536.00,66.00
327,69.00,71.00,76.00,120.00,2614.00,36.00,1548.00,13303.00
328,70.00,71.00,76.00,109.00,2616.00,38.00,1543.00,65.00
329,69.00,73.00,73.00,116.00,2619.00,37.00,1544.00,8041.00
330,70.00,74.00,73.00,109.00,2627.00,37.00,1551.00,64.00
331,70.00,72.00,74.00,117.00,2632.00,37.00,1555.00,7974.00
332,70.00,73.00,75.00,109.00,2637.00,38.00,1554.00,72.00
333,70.00,75.00,76.00,118.00,2650.00,38.00,1569.00,7969.00
334,70.00,73.00,76.00,108.00,2658.00,38.00,1569.00,65.00
335,67.00,71.00,75.00,118.00,2664.00,39.00,1589.00,8156.00
336,69.00,73.00,75.00,109.00,2670.00,38.00,1574.00,64.00
337,68.00,71.00,75.00,117.00,2676.00,38.00,1585.00,7845.00
338,69.00,73.00,75.00,109.00,2686.00,39.00,1587.00,65.00
339,69.00,73.00,75.00,116.00,2685.00,39.00,1599.00,7841.00
340,66.00,73.00,75.00,108.00,2688.00,40.00,1606.00,72.00
341,67.00,72.00,75.00,119.00,2691.00,36.00,1603.00,7855.00
342,69.00,87.00,74.00,109.00,2698.00,36.00,1607.00,65.00
343,69.00,72.00,75.00,118.00,2705.00,35.00,1614.00,7890.00
344,69.00,72.00,75.00,109.00,2714.00,38.00,1621.00,68.00
345,68.00,76.00,75.00,117.00,2720.00,37.00,1610.00,7831.00
346,69.00,75.00,74.00,109.00,2732.00,38.00,1617.00,69.00
347,68.00,72.00,75.00,119.00,2741.00,36.00,1633.00,7909.00
348,67.00,71.00,75.00,109.00,2745.00,38.00,1862.00,72.00
349,67.00,76.00,75.00,119.00,2748.00,39.00,1633.00,7823.00
350,68.00,73.00,75.00,115.00,2753.00,37.00,1645.00,64.00
351,69.00,72.00,75.00,117.00,2757.00,42.00,1643.00,7867.00
352,69.00,74.00,75.00,109.00,2760.00,37.00,1653.00,66.00
353,69.00,72.00,75.00,118.00,2764.00,37.00,1651.00,7888.00
354,67.00,73.00,75.00,109.00,2774.00,39.00,1669.00,65.00
355,69.00,74.00,74.00,117.00,2783.00,37.00,1673.00,7874.00
356,70.00,72.00,73.00,109.00,2788.00,38.00,1681.00,72.00
357,67.00,70.00,75.00,116.00,2798.00,34.00,1679.00,7880.00
358,67.00,88.00,74.00,106.00,2810.00,39.00,1685.00,65.00
359,70.00,71.00,75.00,116.00,2814.00,36.00,1689.00,8650.00
360,67.00,73.00,75.00,110.00,2817.00,36.00,1695.00,63.00
361,67.00,74.00,75.00,116.00,2820.00,37.00,1692.00,7398.00
362,69.00,74.00,75.00,109.00,2824.00,38.00,1699.00,62.00
363,69.00,71.00,75.00,117.00,2830.00,36.00,1700.00,7411.00
364,66.00,73.00,72.00,109.00,2832.00,39.00,1711.00,68.00
365,68.00,73.00,76.00,118.00,2840.00,38.00,1705.00,7365.00
366,69.00,75.00,75.00,108.00,2849.00,40.00,1719.00,61.00
367,69.00,72.00,75.00,118.00,2859.00,37.00,1721.00,7474.00
368,70.00,72.00,76.00,109.00,2867.00,38.00,1727.00,62.00
369,67.00,72.00,75.00,116.00,2874.00,34.00,1721.00,7438.00
370,67.00,72.00,75.00,109.00,2883.00,38.00,1733.00,62.00
371,69.00,74.00,75.00,116.00,2884.00,37.00,1748.00,7469.00
372,67.00,72.00,75.00,109.00,2888.00,40.00,1738.00,67.00
373,66.00,72.00,75.00,120.00,2891.00,36.00,1753.00,7350.00
374,70.00,87.00,75.00,109.00,2898.00,36.00,1756.00,62.00
375,69.00,69.00,73.00,118.00,2908.00,35.00,1767.00,7523.00
376,67.00,73.00,75.00,110.00,2916.00,38.00,1760.00,60.00
377,68.00,73.00,76.00,116.00,2918.00,38.00,1765.00,7419.00
378,69.00,75.00,75.00,109.00,2934.00,38.00,1776.00,61.00
379,67.00,71.00,75.00,118.00,2938.00,34.00,1773.00,7346.00
380,68.00,72.00,75.00,109.00,2946.00,38.00,1779.00,67.00
381,69.00,76.00,75.00,117.00,2945.00,37.00,1775.00,7414.00
382,69.00,75.00,75.00,107.00,2951.00,38.00,1782.00,63.00
383,66.00,72.00,75.00,119.00,2955.00,37.00,1798.00,7415.00
384,70.00,73.00,75.00,109.00,2955.00,38.00,1802.00,61.00
385,69.00,73.00,76.00,115.00,2961.00,38.00,1803.00,7352.00
386,68.00,74.00,75.00,109.00,2971.00,39.00,1805.00,61.00
387,70.00,73.00,75.00,119.00,2983.00,38.00,1821.00,7358.00
388,69.00,72.00,76.00,109.00,2992.00,39.00,1821.00,67.00
389,67.00,72.00,73.00,117.00,2994.00,36.00,1823.00,7403.00
390,70.00,86.00,75.00,110.00,3006.00,38.00,1834.00,62.00
391,69.00,72.00,75.00,115.00,3010.00,35.00,1833.00,7445.00
392,69.00,72.00,74.00,107.00,3014.00,38.00,1843.00,60.00
393,70.00,75.00,75.00,115.00,3016.00,37.00,1846.00,7802.00
394,69.00,73.00,75.00,108.00,3023.00,37.00,1844.00,61.00
395,68.00,71.00,75.00,117.00,3024.00,34.00,1848.00,7433.00
396,68.00,72.00,76.00,109.00,3031.00,38.00,1854.00,66.00
397,68.00,75.00,75.00,117.00,3039.00,39.00,1849.00,7391.00
398,69.00,73.00,75.00,108.00,3052.00,60.00,1861.00,62.00
399,68.00,71.00,76.00,116.00,3063.00,38.00,1869.00,7422.00
400,70.00,72.00,74.00,108.00,3066.00,39.00,1866.00,62.00
401,67.00,72.00,75.00,116.00,3072.00,38.00,1883.00,7469.00
402,67.00,74.00,73.00,107.00,3076.00,39.00,1876.00,60.00
403,69.00,75.00,75.00,117.00,3079.00,38.00,1892.00,7546.00
404,68.00,73.00,75.00,109.00,3085.00,40.00,1890.00,69.00
405,66.00,71.00,75.00,119.00,3086.00,36.00,1890.00,7362.00
406,68.00,74.00,75.00,108.00,3098.00,38.00,1890.00,61.00
407,69.00,73.00,74.00,118.00,3103.00,37.00,1912.00,7402.00
408,69.00,73.00,74.00,109.00,3111.00,39.00,1910.00,61.00
409,67.00,76.00,73.00,118.00,6942.00,38.00,1923.00,7398.00
410,69.00,76.00,75.00,109.00,3193.00,38.00,1930.00,63.00
411,66.00,73.00,72.00,2788.00,3184.00,35.00,1929.00,7384.00
412,69.00,74.00,75.00,108.00,3201.00,38.00,1929.00,66.00
413,2644.00,74.00,75.00,117.00,3193.00,34.00,1930.00,7365.00
414,72.00,74.00,75.00,114.00,3190.00,37.00,1931.00,61.00
415,69.00,71.00,75.00,118.00,3185.00,37.00,1939.00,7510.00
416,68.00,73.00,76.00,108.00,3190.00,37.00,1951.00,61.00
417,69.00,74.00,73.00,117.00,3200.00,37.00,1942.00,8353.00
418,69.00,73.00,75.00,109.00,3219.00,38.00,1946.00,60.00
419,69.00,74.00,75.00,119.00,3217.00,37.00,1956.00,6995.00
420,70.00,73.00,74.00,109.00,3219.00,37.00,1973.00,63.00
421,67.00,73.00,75.00,119.00,3235.00,36.00,1965.00,7005.00
422,69.00,71.00,74.00,110.00,3241.00,37.00,1984.00,61.00
423,69.00,71.00,74.00,115.00,3243.00,35.00,1989.00,6983.00
424,68.00,72.00,76.00,108.00,3252.00,39.00,1983.00,58.00
425,67.00,73.00,75.00,116.00,3279.00,37.00,2001.00,6995.00
426,68.00,72.00,72.00,109.00,3316.00,41.00,2003.00,60.00
427,67.00,73.00,76.00,117.00,3326.00,36.00,2001.00,6999.00
428,69.00,73.00,75.00,108.00,3326.00,37.00,2000.00,65.00
429,66.00,74.00,75.00,116.00,3333.00,37.00,2011.00,7110.00
430,70.00,73.00,76.00,109.00,3362.00,36.00,2010.00,59.00
431,69.00,72.00,75.00,116.00,3345.00,38.00,2004.00,7155.00
432,69.00,73.00,74.00,108.00,3341.00,38.00,2022.00,59.00
433,68.00,73.00,76.00,116.00,3357.00,39.00,2016.00,7052.00
434,68.00,74.00,75.00,109.00,3356.00,39.00,2024.00,59.00
435,68.00,72.00,75.00,118.00,3375.00,35.00,2026.00,7034.00
436,67.00,71.00,73.00,108.00,3381.00,39.00,2041.00,64.00
437,69.00,74.00,73.00,116.00,3470.00,34.00,2039.00,7008.00
438,66.00,74.00,76.00,111.00,3501.00,38.00,2050.00,57.00
439,69.00,72.00,75.00,118.00,3399.00,35.00,2054.00,7255.00
440,69.00,73.00,75.00,109.00,3395.00,38.00,2056.00,56.00
441,67.00,72.00,75.00,117.00,3396.00,37.00,2051.00,7088.00
442,69.00,76.00,76.00,109.00,3658.00,38.00,2146.00,58.00
443,70.00,73.00,76.00,117.00,3501.00,37.00,2228.00,7004.00
444,69.00,72.00,75.00,109.00,3529.00,38.00,2067.00,63.00
445,69.00,71.00,75.00,118.00,3452.00,39.00,2084.00,7002.00
446,69.00,73.00,75.00,110.00,3545.00,39.00,2089.00,59.00
447,66.00,71.00,75.00,120.00,3481.00,38.00,2082.00,7021.00
448,70.00,74.00,76.00,108.00,3496.00,38.00,2088.00,58.00
449,67.00,73.00,75.00,117.00,3465.00,39.00,2091.00,7012.00
450,68.00,73.00,75.00,109.00,3503.00,39.00,2107.00,59.00
451,69.00,72.00,73.00,116.00,3566.00,39.00,2108.00,7026.00
452,69.00,73.00,72.00,108.00,3517.00,39.00,2120.00,63.00
453,68.00,73.00,74.00,118.00,3657.00,35.00,2127.00,7021.00
454,69.00,74.00,76.00,109.00,3581.00,38.00,2125.00,56.00
455,69.00,72.00,76.00,116.00,3605.00,35.00,2133.00,6993.00
456,66.00,72.00,77.00,109.00,3525.00,39.00,2126.00,59.00
457,69.00,72.00,75.00,117.00,3539.00,36.00,2133.00,7008.00
458,70.00,73.00,75.00,108.00,3536.00,38.00,2140.00,57.00
459,68.00,74.00,75.00,117.00,3507.00,36.00,2203.00,7015.00
460,69.00,72.00,75.00,108.00,3540.00,36.00,2150.00,63.00
461,69.00,71.00,75.00,117.00,3539.00,38.00,2144.00,7023.00
462,69.00,74.00,75.00,109.00,3643.00,37.00,2162.00,58.00
463,68.00,71.00,74.00,118.00,3549.00,36.00,2150.00,7222.00
464,70.00,72.00,75.00,110.00,3558.00,39.00,2160.00,58.00
465,67.00,74.00,74.00,118.00,3549.00,39.00,2179.00,7034.00
466,69.00,74.00,75.00,109.00,3578.00,37.00,2181.00,58.00
467,69.00,70.00,75.00,116.00,3547.00,36.00,2188.00,7182.00
468,69.00,71.00,76.00,111.00,3567.00,37.00,2187.00,64.00
469,69.00,74.00,73.00,118.00,3560.00,35.00,3253.00,7023.00
470,69.00,73.00,74.00,108.00,3592.00,38.00,2107.00,58.00
471,70.00,72.00,74.00,118.00,3587.00,35.00,2122.00,7173.00
472,70.00,71.00,74.00,109.00,3610.00,39.00,2128.00,58.00
473,70.00,71.00,76.00,117.00,3595.00,35.00,2128.00,9904.00
474,68.00,76.00,74.00,108.00,3612.00,38.00,2134.00,58.00
475,69.00,73.00,75.00,117.00,3597.00,38.00,2118.00,7026.00
476,69.00,73.00,73.00,108.00,3615.00,39.00,2140.00,65.00
477,68.00,72.00,75.00,117.00,3618.00,38.00,2145.00,7194.00
478,69.00,74.00,75.00,109.00,3663.00,38.00,2146.00,56.00
479,69.00,69.00,75.00,118.00,3693.00,37.00,2155.00,11087.00
480,70.00,72.00,73.00,109.00,3716.00,37.00,2155.00,57.00
481,69.00,73.00,74.00,117.00,3675.00,36.00,2159.00,7479.00
482,67.00,74.00,73.00,109.00,3790.00,39.00,2165.00,56.00
483,69.00,72.00,74.00,119.00,3679.00,38.00,2178.00,7400.00
484,69.00,69.00,73.00,109.00,3683.00,38.00,2167.00,60.00
485,68.00,73.00,74.00,118.00,3687.00,34.00,2183.00,7296.00
486,69.00,74.00,75.00,109.00,3728.00,39.00,2263.00,56.00
487,70.00,73.00,74.00,117.00,3729.00,35.00,2188.00,7353.00
488,69.00,73.00,76.00,107.00,3924.00,39.00,2186.00,60.00
489,67.00,73.00,73.00,118.00,3760.00,35.00,2184.00,7161.00
490,69.00,73.00,75.00,108.00,3744.00,38.00,2202.00,59.00
491,69.00,73.00,74.00,118.00,3761.00,36.00,2191.00,7446.00
492,68.00,72.00,74.00,109.00,3812.00,38.00,2201.00,63.00
493,67.00,72.00,75.00,117.00,3790.00,37.00,2220.00,7215.00
494,70.00,74.00,73.00,108.00,3767.00,38.00,2220.00,57.00
495,69.00,72.00,74.00,116.00,3836.00,39.00,2230.00,7989.00
496,68.00,72.00,73.00,109.00,3794.00,41.00,2231.00,57.00
497,69.00,74.00,75.00,116.00,3811.00,44.00,2241.00,7605.00
498,69.00,73.00,75.00,109.00,3765.00,38.00,2237.00,60.00
499,68.00,71.00,76.00,116.00,3790.00,39.00,2241.00,7287.00
500,69.00,73.00,76.00,109.00,3779.00,36.00,2241.00,64.00
501,68.00,75.00,75.00,118.00,3785.00,35.00,2243.00,7253.00
502,68.00,75.00,74.00,110.00,3832.00,38.00,2253.00,56.00
503,69.00,72.00,74.00,117.00,3944.00,35.00,2253.00,7306.00
504,66.00,71.00,72.00,109.00,3834.00,39.00,2255.00,58.00
505,70.00,73.00,76.00,115.00,4091.00,39.00,2262.00,7769.00
506,69.00,73.00,75.00,110.00,3840.00,39.00,2270.00,58.00
507,69.00,73.00,75.00,116.00,3900.00,35.00,2273.00,7500.00
508,68.00,72.00,75.00,108.00,4061.00,38.00,2289.00,65.00
509,69.00,73.00,75.00,117.00,3876.00,39.00,2293.00,7275.00
510,69.00,74.00,76.00,109.00,3907.00,37.00,2301.00,58.00
511,68.00,70.00,75.00,117.00,5697.00,35.00,2309.00,7250.00
512,69.00,74.00,76.00,109.00,9135.00,35.00,2292.00,59.00
513,66.00,73.00,76.00,117.00,4064.00,34.00,2296.00,7271.00
514,67.00,74.00,73.00,109.00,24883.00,38.00,2310.00,59.00
515,69.00,70.00,76.00,116.00,7351.00,38.00,2304.00,7548.00
516,69.00,75.00,73.00,108.00,3932.00,38.00,2307.00,65.00
517,69.00,73.00,74.00,117.00,4230.00,34.00,2315.00,7316.00
518,69.00,76.00,73.00,110.00,3899.00,38.00,2321.00,59.00
519,68.00,72.00,76.00,118.00,3947.00,37.00,2322.00,7622.00
520,67.00,72.00,75.00,108.00,3894.00,37.00,2328.00,60.00
521,68.00,73.00,76.00,117.00,3920.00,38.00,2338.00,7601.00
522,69.00,74.00,75.00,111.00,3945.00,38.00,2339.00,60.00
523,70.00,74.00,75.00,119.00,3940.00,36.00,2362.00,7335.00
524,70.00,72.00,75.00,109.00,3917.00,39.00,2348.00,63.00
525,68.00,72.00,75.00,118.00,3982.00,38.00,2353.00,7403.00
526,69.00,90.00,75.00,108.00,3954.00,39.00,2366.00,59.00
527,70.00,71.00,75.00,118.00,3965.00,39.00,2363.00,7563.00
528,70.00,73.00,75.00,109.00,4064.00,37.00,2361.00,57.00
529,67.00,75.00,75.00,116.00,3990.00,35.00,2373.00,7281.00
530,69.00,72.00,74.00,111.00,4016.00,39.00,2383.00,61.00
531,67.00,72.00,75.00,118.00,4196.00,37.00,2380.00,7325.00
532,68.00,71.00,76.00,108.00,3984.00,38.00,2375.00,63.00
533,67.00,73.00,75.00,117.00,4050.00,35.00,2384.00,7316.00
534,68.00,74.00,75.00,109.00,4041.00,37.00,2405.00,58.00
535,68.00,71.00,76.00,117.00,4045.00,36.00,2410.00,7456.00
536,67.00,71.00,75.00,109.00,4070.00,39.00,2414.00,57.00
537,67.00,72.00,75.00,118.00,4157.00,38.00,2406.00,7247.00
538,68.00,75.00,74.00,108.00,4118.00,40.00,2422.00,57.00
539,68.00,75.00,75.00,117.00,4085.00,34.00,2419.00,7320.00
540,69.00,73.00,76.00,108.00,110760.00,38.00,2421.00,62.00
541,2726.00,73.00,75.00,118.00,12406.00,38.00,2425.00,7491.00
542,69.00,77.00,75.00,106.00,6536.00,39.00,2433.00,57.00
543,67.00,72.00,76.00,116.00,5726.00,38.00,2425.00,7368.00
544,68.00,73.00,73.00,110.00,5755.00,38.00,2446.00,58.00
545,69.00,75.00,76.00,116.00,5648.00,36.00,2454.00,7313.00
546,69.00,72.00,75.00,109.00,5745.00,37.00,2455.00,59.00
547,66.00,72.00,75.00,116.00,5715.00,37.00,2459.00,7400.00
548,68.00,75.00,76.00,110.00,5757.00,38.00,2459.00,64.00
549,69.00,73.00,75.00,116.00,5789.00,34.00,2456.00,7332.00
550,69.00,73.00,74.00,107.00,5779.00,38.00,2482.00,59.00
551,68.00,72.00,72.00,119.00,5760.00,36.00,2477.00,7316.00
552,72.00,73.00,75.00,110.00,5761.00,39.00,2467.00,58.00
553,68.00,72.00,75.00,117.00,5767.00,38.00,2481.00,7379.00
554,69.00,73.00,75.00,109.00,5778.00,39.00,2485.00,57.00
555,67.00,75.00,74.00,119.00,6297.00,35.00,2480.00,7296.00
556,68.00,74.00,75.00,109.00,5434.00,37.00,2497.00,63.00
557,68.00,71.00,75.00,116.00,8145.00,36.00,2506.00,7358.00
558,69.00,79.00,76.00,111.00,5504.00,37.00,2509.00,59.00
559,66.00,73.00,75.00,118.00,5427.00,37.00,2516.00,7403.00
560,69.00,73.00,75.00,107.00,5446.00,37.00,2514.00,58.00
561,69.00,74.00,76.00,116.00,5878.00,38.00,2521.00,7384.00
562,69.00,75.00,75.00,108.00,5440.00,38.00,3643.00,58.00
563,68.00,73.00,74.00,115.00,7850.00,39.00,2433.00,7424.00
564,68.00,73.00,76.00,107.00,5484.00,37.00,2438.00,62.00
565,69.00,74.00,75.00,117.00,7915.00,35.00,2433.00,7368.00
566,67.00,78.00,74.00,109.00,5462.00,38.00,2443.00,58.00
567,68.00,72.00,75.00,115.00,7880.00,35.00,2447.00,7574.00
568,69.00,75.00,75.00,108.00,5497.00,36.00,2442.00,60.00
569,68.00,76.00,76.00,116.00,7955.00,37.00,2453.00,7294.00
570,69.00,71.00,74.00,108.00,5509.00,38.00,2473.00,58.00
571,70.00,71.00,75.00,117.00,7932.00,35.00,2476.00,7337.00
572,69.00,75.00,75.00,109.00,5583.00,39.00,2474.00,65.00
573,70.00,73.00,73.00,116.00,5519.00,39.00,2476.00,7309.00
574,69.00,80.00,76.00,109.00,5541.00,39.00,2494.00,58.00
575,67.00,72.00,74.00,117.00,8003.00,38.00,2493.00,7350.00
576,70.00,76.00,74.00,108.00,5562.00,39.00,2487.00,57.00
577,69.00,72.00,75.00,114.00,8035.00,38.00,2640.00,7333.00
578,69.00,72.00,75.00,109.00,5575.00,39.00,2575.00,58.00
579,68.00,75.00,75.00,117.00,8085.00,38.00,2579.00,7381.00
580,69.00,74.00,76.00,109.00,5585.00,39.00,2490.00,63.00
581,69.00,71.00,74.00,2762.00,8075.00,37.00,2512.00,7374.00
582,69.00,73.00,75.00,109.00,5604.00,38.00,2523.00,59.00
583,69.00,71.00,74.00,118.00,8127.00,35.00,2526.00,7381.00
584,68.00,73.00,75.00,109.00,5635.00,39.00,2527.00,57.00
585,69.00,75.00,75.00,115.00,8127.00,39.00,2529.00,7349.00
586,69.00,72.00,75.00,110.00,5637.00,38.00,2542.00,57.00
587,67.00,72.00,75.00,117.00,8169.00,37.00,2532.00,7468.00
588,69.00,73.00,75.00,109.00,5664.00,39.00,2544.00,62.00
589,67.00,74.00,76.00,117.00,8209.00,38.00,2541.00,7454.00
590,68.00,78.00,74.00,109.00,5675.00,38.00,2554.00,59.00
591,67.00,70.00,75.00,119.00,8227.00,39.00,2547.00,7351.00
592,69.00,76.00,76.00,108.00,5707.00,38.00,2559.00,56.00
593,68.00,72.00,75.00,117.00,8257.00,38.00,2548.00,7327.00
594,70.00,73.00,75.00,108.00,5701.00,39.00,2558.00,59.00
595,69.00,75.00,74.00,116.00,8252.00,35.00,2573.00,7327.00
596,70.00,73.00,75.00,109.00,5731.00,38.00,2573.00,63.00
597,68.00,73.00,75.00,116.00,8319.00,36.00,2577.00,7357.00
598,69.00,78.00,75.00,109.00,5732.00,40.00,2597.00,57.00
599,70.00,70.00,75.00,117.00,8310.00,36.00,2594.00,7404.00
600,66.00,76.00,75.00,111.00,5750.00,38.00,2590.00,57.00
601,70.00,74.00,76.00,114.00,8369.00,35.00,2600.00,7324.00
602,69.00,72.00,75.00,109.00,5785.00,38.00,2599.00,58.00
603,67.00,70.00,75.00,117.00,8365.00,39.00,2598.00,7754.00
604,69.00,75.00,75.00,109.00,5796.00,39.00,2599.00,65.00
605,67.00,75.00,75.00,116.00,8421.00,39.00,2611.00,7445.00
606,69.00,74.00,75.00,111.00,5812.00,37.00,2621.00,58.00
607,68.00,72.00,75.00,121.00,8416.00,39.00,2621.00,7399.00
608,69.00,75.00,75.00,108.00,5816.00,38.00,2631.00,57.00
609,68.00,76.00,75.00,117.00,8491.00,38.00,2652.00,8102.00
610,69.00,72.00,74.00,109.00,5856.00,38.00,2632.00,53.00
611,70.00,75.00,75.00,116.00,8486.00,38.00,2640.00,6541.00
612,68.00,75.00,75.00,109.00,5849.00,38.00,2635.00,56.00
613,69.00,71.00,75.00,117.00,8516.00,36.00,2644.00,6829.00
614,67.00,78.00,74.00,108.00,30598.00,36.00,2627.00,51.00
615,68.00,73.00,75.00,116.00,6683.00,33.00,2644.00,6708.00
616,69.00,75.00,75.00,108.00,7070.00,39.00,2648.00,52.00
617,69.00,74.00,75.00,117.00,5637.00,36.00,2658.00,6703.00
618,70.00,71.00,75.00,109.00,6286.00,39.00,2676.00,54.00
619,70.00,70.00,75.00,117.00,6199.00,34.00,2683.00,9423.00
620,69.00,76.00,76.00,108.00,6344.00,38.00,2674.00,55.00
621,68.00,73.00,75.00,119.00,6249.00,39.00,2687.00,6926.00
622,70.00,74.00,76.00,109.00,8831.00,37.00,2680.00,52.00
623,70.00,72.00,76.00,117.00,6161.00,38.00,2692.00,6945.00
624,66.00,72.00,75.00,108.00,6361.00,37.00,2683.00,52.00
625,70.00,71.00,75.00,117.00,6558.00,38.00,2697.00,6874.00
626,69.00,72.00,75.00,108.00,6246.00,37.00,2770.00,53.00
627,68.00,73.00,75.00,119.00,6237.00,36.00,2698.00,6640.00
628,69.00,75.00,73.00,108.00,6264.00,38.00,2712.00,57.00
629,69.00,72.00,75.00,119.00,6276.00,35.00,2711.00,6896.00
630,68.00,74.00,75.00,109.00,6284.00,39.00,2714.00,52.00
631,68.00,72.00,76.00,116.00,6279.00,34.00,2731.00,6681.00
632,68.00,74.00,75.00,108.00,6289.00,45.00,2729.00,52.00
633,68.00,75.00,75.00,116.00,6290.00,37.00,2737.00,6618.00
634,67.00,69.00,75.00,109.00,6317.00,38.00,2752.00,52.00
635,70.00,70.00,73.00,118.00,6323.00,36.00,2751.00,6626.00
636,68.00,74.00,74.00,108.00,6322.00,38.00,2743.00,59.00
637,69.00,73.00,75.00,116.00,6316.00,39.00,2731.00,6617.00
638,69.00,73.00,75.00,109.00,6344.00,39.00,2749.00,51.00
639,66.00,70.00,75.00,118.00,6362.00,39.00,2747.00,6618.00
640,69.00,73.00,75.00,109.00,6362.00,40.00,2763.00,52.00
641,69.00,71.00,76.00,116.00,6362.00,38.00,2766.00,7166.00
642,70.00,73.00,75.00,109.00,6373.00,39.00,3796.00,54.00
643,67.00,74.00,73.00,116.00,6386.00,35.00,2604.00,6638.00
644,70.00,74.00,76.00,107.00,6401.00,39.00,2596.00,58.00
645,69.00,72.00,76.00,117.00,6395.00,37.00,2604.00,6644.00
646,69.00,71.00,74.00,111.00,6406.00,38.00,2603.00,51.00
647,67.00,70.00,76.00,116.00,8286.00,37.00,2615.00,6615.00
648,69.00,74.00,76.00,109.00,6442.00,38.00,2597.00,50.00
649,68.00,75.00,75.00,116.00,6443.00,35.00,2601.00,6727.00
650,69.00,73.00,74.00,109.00,6438.00,39.00,2624.00,52.00
651,66.00,72.00,75.00,117.00,22789.00,36.00,2610.00,6701.00
652,69.00,75.00,75.00,109.00,8794.00,39.00,2629.00,58.00
653,69.00,73.00,73.00,117.00,7121.00,39.00,2636.00,6675.00
654,69.00,74.00,73.00,109.00,7942.00,39.00,2641.00,52.00
655,67.00,73.00,76.00,116.00,7943.00,39.00,2645.00,6710.00
656,69.00,74.00,75.00,107.00,6281.00,39.00,2644.00,52.00
657,69.00,71.00,75.00,116.00,7118.00,39.00,2643.00,6599.00
658,69.00,72.00,74.00,109.00,6274.00,38.00,2649.00,52.00
659,68.00,74.00,75.00,117.00,6092.00,40.00,2651.00,6635.00
660,68.00,75.00,76.00,107.00,7216.00,39.00,2647.00,56.00
661,69.00,73.00,75.00,116.00,7745.00,35.00,2649.00,6633.00
662,70.00,74.00,75.00,109.00,7324.00,38.00,2671.00,52.00
663,68.00,71.00,73.00,116.00,8344.00,36.00,2670.00,6598.00
664,69.00,73.00,73.00,109.00,7705.00,38.00,2669.00,52.00
665,68.00,74.00,76.00,120.00,7436.00,38.00,2679.00,6590.00
666,69.00,73.00,74.00,109.00,7437.00,39.00,2689.00,52.00
667,69.00,72.00,75.00,120.00,6540.00,35.00,2679.00,6639.00
668,69.00,72.00,75.00,108.00,7255.00,36.00,2693.00,57.00
669,2676.00,73.00,74.00,118.00,6348.00,38.00,2674.00,6638.00
670,71.00,73.00,76.00,108.00,6157.00,38.00,2697.00,51.00
671,68.00,72.00,74.00,119.00,6092.00,37.00,2702.00,6597.00
672,68.00,73.00,76.00,109.00,6101.00,39.00,2706.00,51.00
673,69.00,73.00,74.00,117.00,6122.00,38.00,4107.00,6632.00
674,67.00,74.00,75.00,109.00,6240.00,37.00,1675.00,53.00
675,70.00,73.00,76.00,117.00,6115.00,37.00,1557.00,6648.00
676,68.00,72.00,75.00,109.00,6140.00,37.00,1532.00,57.00
677,69.00,72.00,75.00,117.00,6149.00,36.00,1549.00,6713.00
678,69.00,73.00,75.00,109.00,6168.00,38.00,1599.00,52.00
679,69.00,72.00,75.00,117.00,6172.00,35.00,1618.00,6692.00
680,68.00,73.00,75.00,107.00,6160.00,37.00,1590.00,52.00
681,69.00,73.00,73.00,120.00,6172.00,37.00,1496.00,6633.00
682,69.00,73.00,75.00,109.00,6198.00,37.00,1553.00,54.00
683,66.00,70.00,75.00,117.00,6198.00,35.00,1614.00,7629.00
684,70.00,71.00,74.00,110.00,6220.00,39.00,1737.00,54.00
685,69.00,73.00,75.00,117.00,6198.00,39.00,1683.00,6302.00
686,68.00,75.00,74.00,108.00,6226.00,37.00,1504.00,50.00
687,70.00,73.00,74.00,118.00,6237.00,38.00,1789.00,6340.00
688,70.00,73.00,75.00,107.00,6243.00,38.00,1502.00,52.00
689,69.00,72.00,73.00,115.00,6274.00,38.00,1482.00,6309.00
690,69.00,75.00,75.00,107.00,6250.00,39.00,1422.00,50.00
691,69.00,74.00,75.00,118.00,6271.00,39.00,1421.00,6325.00
692,69.00,72.00,75.00,109.00,6295.00,40.00,1427.00,55.00
693,69.00,71.00,75.00,116.00,6307.00,36.00,1428.00,6392.00
694,68.00,85.00,75.00,114.00,6288.00,37.00,1438.00,48.00
695,67.00,70.00,75.00,116.00,6289.00,36.00,1434.00,6325.00
696,68.00,71.00,75.00,113.00,6314.00,38.00,1436.00,49.00
697,70.00,75.00,75.00,117.00,6326.00,38.00,1439.00,6563.00
698,69.00,72.00,76.00,109.00,6351.00,38.00,1443.00,51.00
699,69.00,73.00,75.00,116.00,6342.00,35.00,1442.00,6307.00
700,69.00,71.00,76.00,108.00,6338.00,42.00,1446.00,55.00
701,70.00,74.00,75.00,117.00,6356.00,37.00,1448.00,8061.00
702,69.00,86.00,75.00,110.00,6388.00,36.00,1449.00,50.00
703,69.00,70.00,76.00,118.00,6378.00,39.00,1453.00,6315.00
704,67.00,74.00,74.00,109.00,6379.00,38.00,1450.00,48.00
705,68.00,73.00,73.00,116.00,6378.00,36.00,1452.00,6349.00
706,67.00,76.00,74.00,109.00,6404.00,39.00,1456.00,51.00
707,69.00,74.00,74.00,118.00,6418.00,39.00,1458.00,6313.00
708,69.00,72.00,75.00,107.00,6508.00,37.00,1457.00,55.00
709,69.00,70.00,75.00,119.00,6443.00,35.00,1460.00,6296.00
710,69.00,73.00,75.00,110.00,6422.00,37.00,1462.00,53.00
711,66.00,73.00,73.00,117.00,6464.00,35.00,1461.00,6269.00
712,68.00,75.00,73.00,109.00,6458.00,39.00,1462.00,50.00
713,69.00,74.00,75.00,116.00,6518.00,36.00,1465.00,6614.00
714,68.00,73.00,75.00,109.00,6464.00,39.00,1470.00,51.00
715,69.00,72.00,75.00,120.00,6468.00,34.00,1475.00,6426.00
716,67.00,70.00,75.00,109.00,12396.00,41.00,1491.00,57.00
717,66.00,73.00,75.00,116.00,7073.00,36.00,1478.00,6356.00
718,69.00,89.00,74.00,110.00,7429.00,38.00,1485.00,49.00
719,68.00,72.00,75.00,116.00,7151.00,37.00,1487.00,6305.00
720,67.00,71.00,74.00,109.00,7582.00,36.00,1483.00,49.00
721,69.00,70.00,75.00,116.00,7180.00,37.00,1489.00,6302.00
722,70.00,75.00,75.00,109.00,7178.00,37.00,1491.00,50.00
723,68.00,73.00,75.00,118.00,7184.00,38.00,1492.00,6295.00
724,67.00,72.00,76.00,109.00,7257.00,38.00,1497.00,57.00
725,69.00,70.00,73.00,117.00,7066.00,34.00,1492.00,6353.00
726,69.00,75.00,75.00,108.00,7000.00,38.00,1496.00,49.00
727,68.00,72.00,73.00,120.00,6985.00,35.00,1500.00,6322.00
728,67.00,72.00,73.00,108.00,6998.00,37.00,1498.00,52.00
729,69.00,75.00,75.00,117.00,7009.00,37.00,1497.00,6318.00
730,68.00,75.00,75.00,108.00,7037.00,38.00,1501.00,50.00
731,69.00,71.00,75.00,116.00,7022.00,33.00,1503.00,6329.00
732,67.00,72.00,75.00,107.00,7028.00,39.00,1504.00,55.00
733,68.00,76.00,74.00,116.00,7057.00,39.00,1504.00,6312.00
734,69.00,90.00,76.00,109.00,7119.00,113.00,1534.00,124.00
735,69.00,73.00,75.00,115.00,7186.00,37.00,1529.00,6306.00
736,67.00,72.00,76.00,109.00,7064.00,41.00,1513.00,78.00
737,69.00,71.00,75.00,117.00,7093.00,38.00,1527.00,6324.00
738,69.00,75.00,75.00,108.00,7110.00,38.00,1537.00,55.00
739,67.00,74.00,75.00,118.00,7092.00,38.00,1522.00,6338.00
740,67.00,73.00,75.00,109.00,7098.00,38.00,1529.00,59.00
741,70.00,73.00,75.00,118.00,7109.00,36.00,1526.00,6287.00
742,66.00,75.00,76.00,109.00,7148.00,40.00,1530.00,53.00
743,68.00,72.00,75.00,118.00,7155.00,35.00,1533.00,6333.00
744,67.00,73.00,75.00,108.00,7128.00,41.00,1533.00,54.00
745,69.00,75.00,75.00,117.00,7146.00,40.00,1561.00,6307.00
746,70.00,74.00,75.00,110.00,7185.00,39.00,1573.00,53.00
747,69.00,72.00,74.00,116.00,7191.00,35.00,1595.00,6331.00
748,68.00,74.00,72.00,109.00,7185.00,38.00,1591.00,58.00
749,69.00,72.00,74.00,118.00,7168.00,38.00,1595.00,6357.00
750,69.00,74.00,73.00,109.00,7193.00,38.00,1597.00,54.00
751,70.00,72.00,76.00,2814.00,7212.00,38.00,1593.00,6306.00
752,67.00,72.00,76.00,108.00,7197.00,39.00,1595.00,53.00
753,69.00,73.00,75.00,115.00,7225.00,38.00,1544.00,6288.00
754,67.00,73.00,75.00,109.00,7248.00,40.00,1547.00,54.00
755,69.00,72.00,74.00,118.00,7265.00,36.00,1551.00,6343.00
756,70.00,72.00,75.00,109.00,7272.00,37.00,1553.00,58.00
757,70.00,75.00,75.00,119.00,7239.00,35.00,1563.00,6331.00
758,68.00,73.00,75.00,109.00,7259.00,39.00,1560.00,55.00
759,67.00,72.00,75.00,115.00,7281.00,35.00,1565.00,6361.00
760,68.00,74.00,75.00,109.00,7271.00,37.00,1564.00,53.00
761,67.00,72.00,74.00,117.00,7285.00,37.00,1571.00,11106.00
762,69.00,74.00,75.00,109.00,7291.00,38.00,1572.00,63.00
763,68.00,75.00,75.00,117.00,7321.00,36.00,1574.00,7015.00
764,66.00,72.00,75.00,110.00,7325.00,37.00,1572.00,68.00
765,69.00,72.00,73.00,117.00,7321.00,35.00,1573.00,10668.00
766,70.00,74.00,76.00,109.00,7325.00,39.00,1575.00,52.00
767,69.00,72.00,75.00,117.00,7341.00,34.00,1576.00,6570.00
768,68.00,72.00,74.00,109.00,7366.00,38.00,1579.00,53.00
769,69.00,73.00,75.00,114.00,7351.00,38.00,1586.00,7312.00
770,70.00,75.00,74.00,108.00,7362.00,38.00,1580.00,54.00
771,67.00,71.00,74.00,117.00,7393.00,39.00,1585.00,6358.00
772,67.00,72.00,73.00,108.00,7399.00,37.00,1586.00,58.00
773,69.00,72.00,75.00,114.00,7398.00,36.00,1733.00,6381.00
774,66.00,74.00,75.00,108.00,7450.00,36.00,1591.00,53.00
775,69.00,73.00,75.00,116.00,7414.00,36.00,1591.00,6420.00
776,68.00,73.00,76.00,107.00,7431.00,38.00,1599.00,54.00
777,69.00,77.00,75.00,117.00,7436.00,37.00,1598.00,6344.00
778,69.00,75.00,73.00,109.00,7405.00,37.00,1599.00,53.00
779,69.00,72.00,75.00,116.00,7443.00,35.00,1604.00,7967.00
780,69.00,75.00,75.00,109.00,7467.00,37.00,1606.00,59.00
781,69.00,74.00,76.00,114.00,7464.00,39.00,1607.00,8338.00
782,69.00,75.00,75.00,111.00,7455.00,36.00,1610.00,53.00
783,69.00,71.00,72.00,116.00,7479.00,39.00,1616.00,8296.00
784,68.00,72.00,75.00,111.00,7493.00,39.00,1612.00,53.00
785,69.00,72.00,75.00,117.00,7526.00,39.00,1615.00,8348.00
786,69.00,75.00,74.00,110.00,7479.00,40.00,1618.00,54.00
787,70.00,75.00,75.00,115.00,7497.00,37.00,1618.00,8345.00
788,69.00,74.00,75.00,109.00,7519.00,37.00,1616.00,58.00
789,69.00,72.00,75.00,117.00,7538.00,35.00,1671.00,8344.00
790,70.00,73.00,73.00,109.00,7560.00,39.00,1672.00,53.00
791,69.00,73.00,76.00,118.00,16652.00,39.00,1674.00,8333.00
792,69.00,72.00,74.00,109.00,9434.00,39.00,1672.00,54.00
793,68.00,75.00,75.00,120.00,9391.00,38.00,1678.00,8354.00
794,69.00,74.00,75.00,109.00,8841.00,38.00,1677.00,55.00
795,69.00,71.00,75.00,115.00,9513.00,38.00,1690.00,8358.00
796,67.00,70.00,75.00,108.00,9467.00,39.00,1688.00,57.00
797,2725.00,73.00,75.00,116.00,8649.00,38.00,1637.00,8334.00
798,71.00,72.00,75.00,108.00,7266.00,38.00,1641.00,51.00
799,69.00,72.00,75.00,116.00,8151.00,39.00,1645.00,8348.00
800,67.00,71.00,74.00,109.00,7482.00,38.00,1647.00,52.00
801,67.00,73.00,75.00,114.00,7499.00,38.00,1651.00,8386.00
802,70.00,73.00,75.00,109.00,7535.00,39.00,1648.00,51.00
803,70.00,73.00,75.00,116.00,7553.00,38.00,1650.00,8443.00
804,66.00,72.00,75.00,110.00,7548.00,38.00,1653.00,57.00
805,70.00,72.00,75.00,116.00,7542.00,36.00,1654.00,8356.00
806,70.00,75.00,75.00,108.00,7575.00,39.00,1653.00,50.00
807,69.00,72.00,75.00,117.00,7590.00,34.00,1655.00,8404.00
808,69.00,71.00,76.00,108.00,9955.00,38.00,1657.00,50.00
809,67.00,73.00,74.00,116.00,7602.00,38.00,1659.00,8408.00
810,68.00,74.00,76.00,109.00,7626.00,39.00,1663.00,51.00
811,69.00,72.00,76.00,116.00,7753.00,34.00,1665.00,8498.00
812,70.00,72.00,74.00,109.00,7647.00,38.00,1665.00,54.00
813,66.00,74.00,76.00,120.00,7642.00,37.00,1669.00,8444.00
814,70.00,74.00,75.00,109.00,7677.00,38.00,1671.00,49.00
815,70.00,71.00,75.00,119.00,7716.00,40.00,1676.00,8377.00
816,66.00,74.00,75.00,108.00,7670.00,39.00,1675.00,49.00
817,69.00,71.00,75.00,116.00,7679.00,38.00,1680.00,8354.00
818,69.00,73.00,75.00,109.00,8967.00,36.00,1683.00,54.00
819,68.00,76.00,75.00,114.00,11593.00,36.00,1686.00,8360.00
820,69.00,74.00,73.00,108.00,7989.00,37.00,1685.00,55.00
821,67.00,71.00,75.00,115.00,8009.00,37.00,1693.00,8321.00
822,70.00,74.00,75.00,108.00,7875.00,39.00,1690.00,49.00
823,69.00,72.00,75.00,115.00,8144.00,36.00,1690.00,8393.00
824,69.00,72.00,75.00,108.00,7788.00,37.00,1692.00,50.00
825,69.00,74.00,75.00,117.00,8193.00,37.00,1692.00,8373.00
826,68.00,74.00,75.00,109.00,7767.00,35.00,1700.00,52.00
827,69.00,72.00,75.00,113.00,7754.00,36.00,1693.00,8342.00
828,66.00,72.00,74.00,109.00,7746.00,38.00,1695.00,56.00
829,69.00,73.00,75.00,116.00,7816.00,39.00,1702.00,8305.00
830,67.00,73.00,75.00,108.00,7792.00,37.00,1701.00,52.00
831,69.00,72.00,75.00,115.00,7788.00,39.00,1706.00,8355.00
832,69.00,71.00,75.00,108.00,7791.00,38.00,1706.00,50.00
833,68.00,69.00,75.00,114.00,7829.00,39.00,1713.00,8362.00
834,69.00,75.00,75.00,108.00,7827.00,39.00,1718.00,49.00
835,69.00,73.00,75.00,115.00,7814.00,36.00,1770.00,8331.00
836,67.00,72.00,75.00,108.00,7971.00,44.00,1780.00,54.00
837,69.00,70.00,75.00,114.00,7866.00,34.00,1786.00,8359.00
838,67.00,87.00,75.00,110.00,7845.00,38.00,1783.00,48.00
839,69.00,72.00,76.00,119.00,7841.00,36.00,1787.00,8377.00
840,66.00,72.00,73.00,109.00,7870.00,38.00,1785.00,48.00
841,69.00,76.00,76.00,116.00,7918.00,37.00,1784.00,8344.00
842,68.00,75.00,75.00,109.00,7909.00,39.00,1783.00,51.00
843,69.00,71.00,74.00,116.00,7899.00,34.00,1793.00,8360.00
844,70.00,71.00,76.00,109.00,7885.00,40.00,1788.00,52.00
845,67.00,72.00,73.00,117.00,7960.00,38.00,1790.00,8330.00
846,68.00,74.00,75.00,110.00,7934.00,37.00,1795.00,49.00
847,69.00,72.00,75.00,117.00,7919.00,39.00,1795.00,8356.00
848,69.00,74.00,75.00,109.00,7967.00,38.00,1796.00,50.00
849,68.00,72.00,75.00,116.00,7944.00,38.00,1804.00,8325.00
850,69.00,75.00,75.00,110.00,7953.00,37.00,1803.00,49.00
851,69.00,73.00,76.00,119.00,7943.00,39.00,1804.00,8371.00
852,68.00,71.00,74.00,109.00,7976.00,39.00,1807.00,55.00
853,67.00,71.00,75.00,119.00,8013.00,34.00,1807.00,8382.00
854,70.00,78.00,75.00,109.00,8001.00,37.00,1818.00,51.00
855,69.00,72.00,75.00,116.00,8000.00,34.00,1823.00,8352.00
856,69.00,73.00,75.00,108.00,8027.00,38.00,1815.00,50.00
857,69.00,75.00,75.00,114.00,8036.00,37.00,1817.00,8346.00
858,69.00,72.00,75.00,108.00,11442.00,37.00,1820.00,48.00
859,69.00,70.00,75.00,118.00,8013.00,36.00,1820.00,8372.00
860,70.00,73.00,75.00,109.00,8075.00,38.00,1822.00,55.00
861,66.00,73.00,75.00,116.00,8045.00,39.00,1819.00,9041.00
862,70.00,84.00,75.00,113.00,8062.00,39.00,1825.00,46.00
863,67.00,71.00,75.00,118.00,8088.00,37.00,1828.00,7643.00
864,69.00,71.00,75.00,109.00,8103.00,37.00,1829.00,46.00
865,67.00,70.00,76.00,117.00,8076.00,38.00,1831.00,7650.00
866,69.00,74.00,75.00,111.00,8086.00,38.00,1834.00,44.00
867,68.00,75.00,72.00,114.00,8109.00,39.00,1837.00,7611.00
868,70.00,74.00,75.00,108.00,8279.00,39.00,1841.00,49.00
869,69.00,71.00,75.00,115.00,8133.00,36.00,1842.00,7621.00
870,69.00,79.00,75.00,109.00,8130.00,39.00,1855.00,46.00
871,69.00,73.00,74.00,115.00,8166.00,38.00,1853.00,7637.00
872,69.00,76.00,75.00,109.00,8160.00,39.00,1852.00,45.00
873,69.00,73.00,75.00,116.00,8170.00,37.00,1928.00,7647.00
874,69.00,73.00,76.00,108.00,8145.00,37.00,1850.00,45.00
875,69.00,72.00,73.00,119.00,8168.00,37.00,1852.00,7635.00
876,68.00,74.00,74.00,109.00,8209.00,38.00,1857.00,49.00
877,68.00,75.00,76.00,117.00,8214.00,39.00,1856.00,7750.00
878,69.00,74.00,75.00,109.00,8163.00,38.00,1857.00,45.00
879,68.00,73.00,76.00,116.00,8226.00,38.00,1864.00,7738.00
880,70.00,74.00,75.00,107.00,8252.00,37.00,1859.00,44.00
881,70.00,72.00,75.00,115.00,8241.00,39.00,1856.00,7591.00
882,66.00,72.00,75.00,109.00,8233.00,37.00,1872.00,45.00
883,69.00,73.00,75.00,120.00,8266.00,37.00,1866.00,7677.00
884,69.00,74.00,75.00,109.00,8255.00,38.00,1877.00,50.00
885,66.00,72.00,75.00,115.00,11818.00,34.00,1881.00,7638.00
886,69.00,78.00,75.00,108.00,8265.00,38.00,1875.00,46.00
887,69.00,71.00,76.00,118.00,8636.00,35.00,1885.00,7708.00
888,67.00,73.00,73.00,107.00,8249.00,36.00,1885.00,45.00
889,70.00,74.00,74.00,119.00,8265.00,39.00,1880.00,7567.00
890,69.00,72.00,74.00,109.00,8320.00,37.00,1883.00,45.00
891,68.00,72.00,73.00,115.00,11891.00,35.00,1888.00,7635.00
892,67.00,72.00,76.00,108.00,8283.00,38.00,1884.00,49.00
893,70.00,73.00,76.00,116.00,8302.00,38.00,1895.00,7623.00
894,69.00,75.00,75.00,109.00,8337.00,38.00,1892.00,45.00
895,69.00,71.00,74.00,116.00,8304.00,61.00,1890.00,7617.00
896,69.00,72.00,75.00,108.00,8390.00,36.00,1892.00,45.00
897,68.00,73.00,75.00,118.00,8338.00,37.00,1891.00,7618.00
898,69.00,74.00,75.00,109.00,8357.00,38.00,1895.00,45.00
899,68.00,76.00,75.00,119.00,8336.00,39.00,1905.00,7576.00
900,69.00,71.00,75.00,108.00,8365.00,39.00,1904.00,51.00
901,68.00,70.00,73.00,118.00,11987.00,35.00,1908.00,7633.00
902,70.00,85.00,75.00,108.00,8392.00,38.00,1914.00,45.00
903,67.00,71.00,75.00,118.00,8380.00,34.00,1915.00,7648.00
904,67.00,72.00,75.00,111.00,8402.00,39.00,1914.00,46.00
905,69.00,72.00,76.00,115.00,12015.00,38.00,1917.00,7585.00
906,68.00,73.00,75.00,109.00,8402.00,37.00,1924.00,46.00
907,69.00,69.00,75.00,116.00,12074.00,35.00,1918.00,7617.00
908,69.00,72.00,76.00,108.00,8432.00,38.00,1918.00,50.00
909,67.00,72.00,75.00,119.00,36327.00,40.00,1920.00,7676.00
910,68.00,74.00,75.00,110.00,11886.00,38.00,1919.00,45.00
911,70.00,72.00,75.00,116.00,11674.00,37.00,1922.00,8056.00
912,69.00,72.00,73.00,109.00,8861.00,39.00,1920.00,44.00
913,69.00,71.00,74.00,117.00,9254.00,37.00,1923.00,9791.00
914,69.00,73.00,71.00,108.00,8644.00,38.00,1926.00,43.00
915,69.00,73.00,74.00,117.00,8299.00,38.00,1933.00,6095.00
916,69.00,72.00,75.00,110.00,8309.00,36.00,1937.00,48.00
917,68.00,70.00,76.00,118.00,8368.00,35.00,1947.00,5581.00
918,69.00,72.00,75.00,111.00,8371.00,39.00,1944.00,42.00
919,68.00,70.00,76.00,117.00,8558.00,35.00,1943.00,5620.00
920,70.00,72.00,75.00,109.00,8368.00,37.00,1943.00,46.00
921,67.00,73.00,73.00,116.00,11698.00,38.00,1948.00,5623.00
922,69.00,75.00,74.00,109.00,10876.00,37.00,1941.00,66.00
923,69.00,72.00,75.00,2712.00,11728.00,35.00,1949.00,5545.00
924,69.00,74.00,76.00,109.00,8776.00,38.00,1953.00,48.00
925,2657.00,75.00,75.00,118.00,8750.00,37.00,1948.00,5603.00
926,72.00,73.00,75.00,108.00,8868.00,38.00,1953.00,43.00
927,69.00,71.00,74.00,117.00,9389.00,38.00,1953.00,5704.00
928,67.00,73.00,75.00,109.00,9170.00,38.00,1953.00,43.00
929,68.00,71.00,75.00,118.00,8891.00,39.00,1961.00,5571.00
930,69.00,75.00,75.00,110.00,8840.00,37.00,1961.00,44.00
931,68.00,74.00,76.00,119.00,8866.00,38.00,1963.00,5536.00
932,68.00,73.00,74.00,109.00,8859.00,38.00,1965.00,47.00
933,68.00,70.00,73.00,119.00,8873.00,36.00,1969.00,5548.00
934,69.00,72.00,74.00,108.00,8891.00,38.00,1979.00,45.00
935,69.00,71.00,73.00,117.00,8868.00,35.00,1978.00,5539.00
936,67.00,74.00,98.00,110.00,8875.00,38.00,2011.00,42.00
937,69.00,75.00,100.00,116.00,8899.00,38.00,2013.00,5550.00
938,69.00,74.00,99.00,108.00,8957.00,40.00,2028.00,45.00
939,67.00,72.00,73.00,118.00,9063.00,35.00,2026.00,5563.00
940,67.00,74.00,74.00,113.00,8961.00,38.00,2034.00,51.00
941,69.00,76.00,73.00,118.00,9102.00,39.00,2028.00,5546.00
942,66.00,76.00,75.00,112.00,8963.00,40.00,2015.00,43.00
943,69.00,72.00,73.00,118.00,8944.00,37.00,2025.00,5523.00
944,69.00,72.00,75.00,108.00,8975.00,38.00,2024.00,43.00
945,69.00,75.00,73.00,117.00,9010.00,39.00,2029.00,5545.00
946,67.00,75.00,75.00,109.00,9018.00,37.00,2032.00,44.00
947,70.00,70.00,73.00,118.00,9013.00,37.00,2034.00,5528.00
948,70.00,73.00,75.00,108.00,9043.00,38.00,2040.00,48.00
949,68.00,75.00,74.00,118.00,9031.00,34.00,2046.00,5516.00
950,67.00,74.00,75.00,109.00,9038.00,38.00,2046.00,42.00
951,69.00,72.00,73.00,116.00,9048.00,35.00,2043.00,5555.00
952,66.00,72.00,73.00,109.00,9068.00,39.00,2047.00,45.00
953,67.00,72.00,73.00,117.00,9039.00,37.00,2050.00,5567.00
954,69.00,75.00,75.00,109.00,9071.00,38.00,2045.00,44.00
955,69.00,71.00,74.00,117.00,9095.00,34.00,2054.00,5559.00
956,68.00,72.00,75.00,108.00,9074.00,39.00,2061.00,46.00
957,69.00,72.00,73.00,117.00,9085.00,38.00,2061.00,5533.00
958,67.00,74.00,74.00,109.00,9111.00,36.00,2056.00,43.00
959,69.00,72.00,75.00,118.00,9117.00,38.00,2070.00,5546.00
960,68.00,71.00,74.00,107.00,9115.00,37.00,2068.00,44.00
961,66.00,75.00,75.00,116.00,9139.00,39.00,2071.00,5568.00
962,69.00,73.00,73.00,109.00,9139.00,37.00,2072.00,44.00
963,70.00,73.00,72.00,116.00,9143.00,38.00,2071.00,5564.00
964,68.00,72.00,74.00,109.00,9145.00,38.00,2081.00,48.00
965,69.00,73.00,74.00,117.00,9192.00,36.00,2081.00,5572.00
966,70.00,74.00,197.00,109.00,9168.00,38.00,2086.00,43.00
967,69.00,72.00,166.00,118.00,9161.00,37.00,2089.00,5535.00
968,70.00,72.00,322.00,108.00,9234.00,37.00,2084.00,44.00
969,69.00,72.00,140.00,115.00,10058.00,37.00,2089.00,5562.00
970,70.00,75.00,78.00,109.00,9609.00,37.00,2087.00,43.00
971,67.00,73.00,80.00,118.00,10026.00,34.00,2093.00,5557.00
972,69.00,72.00,79.00,109.00,9188.00,38.00,2088.00,49.00
973,70.00,70.00,78.00,117.00,9508.00,39.00,2084.00,5540.00
974,68.00,75.00,81.00,109.00,9251.00,38.00,2096.00,45.00
975,70.00,72.00,80.00,119.00,9277.00,39.00,2095.00,5538.00
976,68.00,72.00,76.00,111.00,10044.00,39.00,2103.00,44.00
977,69.00,73.00,75.00,117.00,9200.00,38.00,2108.00,5571.00
978,69.00,73.00,75.00,108.00,9340.00,38.00,2106.00,42.00
979,69.00,71.00,77.00,118.00,9229.00,38.00,2107.00,5526.00
980,67.00,73.00,75.00,108.00,9194.00,36.00,2115.00,46.00
981,69.00,75.00,75.00,118.00,9225.00,36.00,2116.00,5566.00
982,69.00,75.00,75.00,109.00,9226.00,39.00,2118.00,41.00
983,68.00,73.00,78.00,115.00,9234.00,35.00,2117.00,5561.00
984,68.00,73.00,74.00,109.00,9239.00,37.00,2122.00,43.00
985,66.00,73.00,75.00,119.00,9268.00,36.00,2098.00,5549.00
986,67.00,73.00,76.00,108.00,9251.00,38.00,2109.00,45.00
987,68.00,76.00,75.00,118.00,9272.00,35.00,2112.00,5578.00
988,69.00,73.00,76.00,109.00,9289.00,38.00,2116.00,48.00
989,69.00,73.00,78.00,118.00,9296.00,38.00,2127.00,5551.00
990,70.00,75.00,74.00,109.00,9271.00,39.00,2130.00,43.00
991,69.00,71.00,76.00,119.00,9575.00,37.00,2200.00,5559.00
992,68.00,72.00,75.00,109.00,9442.00,38.00,2143.00,44.00
993,67.00,72.00,74.00,116.00,9320.00,38.00,2124.00,5567.00
994,70.00,75.00,76.00,108.00,9331.00,38.00,2143.00,44.00
995,70.00,75.00,77.00,118.00,9331.00,39.00,2148.00,5531.00
996,68.00,73.00,77.00,110.00,9344.00,39.00,2146.00,48.00
997,69.00,72.00,76.00,120.00,9350.00,35.00,2152.00,5579.00
998,70.00,139.00,105.00,108.00,9384.00,111.00,2149.00,43.00
999,69.00,102.00,75.00,118.00,9382.00,84.00,2141.00,5558.00
